<?xml version="1.0" encoding="utf-8"?>
<megamenu>
  <row>
    <active><![CDATA[0]]></active>
    <position><![CDATA[1]]></position>
    <title_image><![CDATA[]]></title_image>
    <link_newtab><![CDATA[0]]></link_newtab>
    <label_color><![CDATA[#e95144]]></label_color>
    <drop_column><![CDATA[0]]></drop_column>
    <custom_class><![CDATA[]]></custom_class>
    <drop_bgcolor><![CDATA[#ffffff]]></drop_bgcolor>
    <drop_bgimage><![CDATA[]]></drop_bgimage>
    <bgimage_position><![CDATA[right bottom]]></bgimage_position>
    <position_x><![CDATA[0]]></position_x>
    <position_y><![CDATA[0]]></position_y>
    <lang_fields>
      <en>
        <name><![CDATA[<i class="material-icons">home</i>]]></name>
        <link><![CDATA[#page=home]]></link>
        <label><![CDATA[]]></label>
      </en>
    </lang_fields>
    <zdropdown/>
  </row>
  <row>
    <active><![CDATA[1]]></active>
    <position><![CDATA[2]]></position>
    <title_image><![CDATA[]]></title_image>
    <link_newtab><![CDATA[0]]></link_newtab>
    <label_color><![CDATA[#e95144]]></label_color>
    <drop_column><![CDATA[2]]></drop_column>
    <custom_class><![CDATA[]]></custom_class>
    <drop_bgcolor><![CDATA[#ffffff]]></drop_bgcolor>
    <drop_bgimage><![CDATA[]]></drop_bgimage>
    <bgimage_position><![CDATA[right bottom]]></bgimage_position>
    <position_x><![CDATA[0]]></position_x>
    <position_y><![CDATA[0]]></position_y>
    <lang_fields>
      <en>
        <name><![CDATA[Shop]]></name>
        <link><![CDATA[#page=home]]></link>
        <label><![CDATA[]]></label>
      </en>
    </lang_fields>
    <zdropdown>
      <row>
        <active><![CDATA[1]]></active>
        <position><![CDATA[1]]></position>
        <fullwidth><![CDATA[1]]></fullwidth>
        <column><![CDATA[2]]></column>
        <custom_class><![CDATA[category-horizontally]]></custom_class>
        <content_type><![CDATA[category]]></content_type>
        <categories><![CDATA[a:1:{i:0;s:1:"2";}]]></categories>
        <products><![CDATA[a:0:{}]]></products>
        <manufacturers><![CDATA[a:0:{}]]></manufacturers>
        <manufacturer_options><![CDATA[]]></manufacturer_options>
        <category_options><![CDATA[a:3:{s:5:"image";i:0;s:4:"icon";i:1;s:13:"subcategories";i:1;}]]></category_options>
        <lang_fields>
          <en>
            <static_content><![CDATA[]]></static_content>
          </en>
        </lang_fields>
      </row>
    </zdropdown>
  </row>
  <row>
    <active><![CDATA[1]]></active>
    <position><![CDATA[3]]></position>
    <title_image><![CDATA[]]></title_image>
    <link_newtab><![CDATA[0]]></link_newtab>
    <label_color><![CDATA[#e95144]]></label_color>
    <drop_column><![CDATA[3]]></drop_column>
    <custom_class><![CDATA[]]></custom_class>
    <drop_bgcolor><![CDATA[#ffffff]]></drop_bgcolor>
    <drop_bgimage><![CDATA[]]></drop_bgimage>
    <bgimage_position><![CDATA[right bottom]]></bgimage_position>
    <position_x><![CDATA[0]]></position_x>
    <position_y><![CDATA[0]]></position_y>
    <lang_fields>
      <en>
        <name><![CDATA[Electronic]]></name>
        <link><![CDATA[#category=3]]></link>
        <label><![CDATA[]]></label>
      </en>
    </lang_fields>
    <zdropdown>
      <row>
        <active><![CDATA[1]]></active>
        <position><![CDATA[1]]></position>
        <fullwidth><![CDATA[1]]></fullwidth>
        <column><![CDATA[3]]></column>
        <custom_class><![CDATA[]]></custom_class>
        <content_type><![CDATA[category]]></content_type>
        <categories><![CDATA[a:6:{i:0;s:1:"3";i:1;s:2:"12";i:2;s:2:"15";i:3;s:2:"16";i:4;s:2:"17";i:5;s:2:"18";}]]></categories>
        <products><![CDATA[a:0:{}]]></products>
        <manufacturers><![CDATA[a:0:{}]]></manufacturers>
        <manufacturer_options><![CDATA[]]></manufacturer_options>
        <category_options><![CDATA[a:3:{s:5:"image";i:1;s:4:"icon";i:0;s:13:"subcategories";i:0;}]]></category_options>
        <lang_fields>
          <en>
            <static_content><![CDATA[]]></static_content>
          </en>
        </lang_fields>
      </row>
    </zdropdown>
  </row>
  <row>
    <active><![CDATA[1]]></active>
    <position><![CDATA[4]]></position>
    <title_image><![CDATA[]]></title_image>
    <link_newtab><![CDATA[0]]></link_newtab>
    <label_color><![CDATA[#139fbd]]></label_color>
    <drop_column><![CDATA[3]]></drop_column>
    <custom_class><![CDATA[]]></custom_class>
    <drop_bgcolor><![CDATA[#ffffff]]></drop_bgcolor>
    <drop_bgimage><![CDATA[]]></drop_bgimage>
    <bgimage_position><![CDATA[right bottom]]></bgimage_position>
    <position_x><![CDATA[0]]></position_x>
    <position_y><![CDATA[0]]></position_y>
    <lang_fields>
      <en>
        <name><![CDATA[Fashion]]></name>
        <link><![CDATA[#category=16]]></link>
        <label><![CDATA[NEW]]></label>
      </en>
    </lang_fields>
    <zdropdown>
      <row>
        <active><![CDATA[1]]></active>
        <position><![CDATA[1]]></position>
        <fullwidth><![CDATA[1]]></fullwidth>
        <column><![CDATA[3]]></column>
        <custom_class><![CDATA[]]></custom_class>
        <content_type><![CDATA[category]]></content_type>
        <categories><![CDATA[a:3:{i:0;s:2:"16";i:1;s:2:"17";i:2;s:2:"19";}]]></categories>
        <products><![CDATA[a:0:{}]]></products>
        <manufacturers><![CDATA[a:0:{}]]></manufacturers>
        <manufacturer_options><![CDATA[a:1:{s:6:"layout";s:4:"logo";}]]></manufacturer_options>
        <category_options><![CDATA[a:3:{s:5:"image";i:0;s:4:"icon";i:0;s:13:"subcategories";i:1;}]]></category_options>
        <lang_fields>
          <en>
            <static_content><![CDATA[]]></static_content>
          </en>
        </lang_fields>
      </row>
    </zdropdown>
  </row>
  <row>
    <active><![CDATA[1]]></active>
    <position><![CDATA[6]]></position>
    <title_image><![CDATA[]]></title_image>
    <link_newtab><![CDATA[0]]></link_newtab>
    <label_color><![CDATA[#e95144]]></label_color>
    <drop_column><![CDATA[4]]></drop_column>
    <custom_class><![CDATA[]]></custom_class>
    <drop_bgcolor><![CDATA[#ffffff]]></drop_bgcolor>
    <drop_bgimage><![CDATA[]]></drop_bgimage>
    <bgimage_position><![CDATA[right bottom]]></bgimage_position>
    <position_x><![CDATA[0]]></position_x>
    <position_y><![CDATA[0]]></position_y>
    <lang_fields>
      <en>
        <name><![CDATA[Sales]]></name>
        <link><![CDATA[#page=prices-drop]]></link>
        <label><![CDATA[]]></label>
      </en>
    </lang_fields>
    <zdropdown>
      <row>
        <active><![CDATA[1]]></active>
        <position><![CDATA[1]]></position>
        <fullwidth><![CDATA[1]]></fullwidth>
        <column><![CDATA[4]]></column>
        <custom_class><![CDATA[]]></custom_class>
        <content_type><![CDATA[product]]></content_type>
        <categories><![CDATA[a:0:{}]]></categories>
        <products><![CDATA[a:4:{i:0;s:1:"2";i:1;s:1:"3";i:2;s:1:"4";i:3;s:1:"1";}]]></products>
        <manufacturers><![CDATA[a:0:{}]]></manufacturers>
        <manufacturer_options><![CDATA[]]></manufacturer_options>
        <category_options><![CDATA[]]></category_options>
        <lang_fields>
          <en>
            <static_content><![CDATA[]]></static_content>
          </en>
        </lang_fields>
      </row>
    </zdropdown>
  </row>
  <row>
    <active><![CDATA[1]]></active>
    <position><![CDATA[7]]></position>
    <title_image><![CDATA[]]></title_image>
    <link_newtab><![CDATA[0]]></link_newtab>
    <label_color><![CDATA[#e95144]]></label_color>
    <drop_column><![CDATA[3]]></drop_column>
    <custom_class><![CDATA[]]></custom_class>
    <drop_bgcolor><![CDATA[#ffffff]]></drop_bgcolor>
    <drop_bgimage><![CDATA[]]></drop_bgimage>
    <bgimage_position><![CDATA[right bottom]]></bgimage_position>
    <position_x><![CDATA[0]]></position_x>
    <position_y><![CDATA[0]]></position_y>
    <lang_fields>
      <en>
        <name><![CDATA[Brands]]></name>
        <link><![CDATA[#page=manufacturer]]></link>
        <label><![CDATA[]]></label>
      </en>
    </lang_fields>
    <zdropdown>
      <row>
        <active><![CDATA[1]]></active>
        <position><![CDATA[1]]></position>
        <fullwidth><![CDATA[1]]></fullwidth>
        <column><![CDATA[3]]></column>
        <custom_class><![CDATA[]]></custom_class>
        <content_type><![CDATA[manufacturer]]></content_type>
        <categories><![CDATA[a:0:{}]]></categories>
        <products><![CDATA[a:0:{}]]></products>
        <manufacturers><![CDATA[a:6:{i:0;s:1:"2";i:1;s:1:"3";i:2;s:1:"4";i:3;s:1:"5";i:4;s:1:"1";i:5;s:1:"6";}]]></manufacturers>
        <manufacturer_options><![CDATA[a:1:{s:6:"layout";s:4:"logo";}]]></manufacturer_options>
        <category_options><![CDATA[a:3:{s:5:"image";i:0;s:4:"icon";i:0;s:13:"subcategories";i:1;}]]></category_options>
        <lang_fields>
          <en>
            <static_content><![CDATA[]]></static_content>
          </en>
        </lang_fields>
      </row>
    </zdropdown>
  </row>
  <row>
    <active><![CDATA[1]]></active>
    <position><![CDATA[5]]></position>
    <title_image><![CDATA[]]></title_image>
    <link_newtab><![CDATA[0]]></link_newtab>
    <label_color><![CDATA[]]></label_color>
    <drop_column><![CDATA[3]]></drop_column>
    <custom_class><![CDATA[]]></custom_class>
    <drop_bgcolor><![CDATA[#ffffff]]></drop_bgcolor>
    <drop_bgimage><![CDATA[a.jpg]]></drop_bgimage>
    <bgimage_position><![CDATA[right bottom]]></bgimage_position>
    <position_x><![CDATA[0]]></position_x>
    <position_y><![CDATA[0]]></position_y>
    <lang_fields>
      <en>
        <name><![CDATA[Appliances]]></name>
        <link><![CDATA[#category=22]]></link>
        <label><![CDATA[]]></label>
      </en>
    </lang_fields>
    <zdropdown>
      <row>
        <active><![CDATA[1]]></active>
        <position><![CDATA[1]]></position>
        <fullwidth><![CDATA[0]]></fullwidth>
        <column><![CDATA[2]]></column>
        <custom_class><![CDATA[category-horizontally]]></custom_class>
        <content_type><![CDATA[category]]></content_type>
        <categories><![CDATA[a:2:{i:0;s:2:"21";i:1;s:2:"22";}]]></categories>
        <products><![CDATA[a:0:{}]]></products>
        <manufacturers><![CDATA[a:0:{}]]></manufacturers>
        <manufacturer_options><![CDATA[a:1:{s:6:"layout";s:4:"logo";}]]></manufacturer_options>
        <category_options><![CDATA[a:3:{s:5:"image";i:0;s:4:"icon";i:1;s:13:"subcategories";i:1;}]]></category_options>
        <lang_fields>
          <en>
            <static_content><![CDATA[]]></static_content>
          </en>
        </lang_fields>
      </row>
    </zdropdown>
  </row>
  <row>
    <active><![CDATA[1]]></active>
    <position><![CDATA[8]]></position>
    <title_image><![CDATA[]]></title_image>
    <link_newtab><![CDATA[0]]></link_newtab>
    <label_color><![CDATA[#e95144]]></label_color>
    <drop_column><![CDATA[1]]></drop_column>
    <custom_class><![CDATA[]]></custom_class>
    <drop_bgcolor><![CDATA[#ffffff]]></drop_bgcolor>
    <drop_bgimage><![CDATA[]]></drop_bgimage>
    <bgimage_position><![CDATA[right bottom]]></bgimage_position>
    <position_x><![CDATA[0]]></position_x>
    <position_y><![CDATA[0]]></position_y>
    <lang_fields>
      <en>
        <name><![CDATA[Features]]></name>
        <link><![CDATA[]]></link>
        <label><![CDATA[PRO]]></label>
      </en>
    </lang_fields>
    <zdropdown>
      <row>
        <active><![CDATA[1]]></active>
        <position><![CDATA[1]]></position>
        <fullwidth><![CDATA[1]]></fullwidth>
        <column><![CDATA[1]]></column>
        <custom_class><![CDATA[]]></custom_class>
        <content_type><![CDATA[html]]></content_type>
        <categories><![CDATA[a:0:{}]]></categories>
        <products><![CDATA[a:0:{}]]></products>
        <manufacturers><![CDATA[a:0:{}]]></manufacturers>
        <manufacturer_options><![CDATA[]]></manufacturer_options>
        <category_options><![CDATA[]]></category_options>
        <lang_fields>
          <en>
            <static_content><![CDATA[<ul class="linklist mb-0"><li><a href="#">Theme Features</a></li>
<li><a href="#">Typography</a></li>
<li><a href="#">Banner Effect</a></li>
<li><a href="#">Buy This Theme</a></li>
<li><a href="#">Documentation</a></li>
<li><a href="#">Support</a></li>
<li><a href="#">Rating</a></li>
</ul>]]></static_content>
          </en>
        </lang_fields>
      </row>
    </zdropdown>
  </row>
</megamenu>
