<?xml version="1.0" encoding="UTF-8"?>
<colors>
  <general>
    <variable
      name="color_text"
      default="#5d5d5d"
      label="Normal Text"
      desc=""
    >
      <style>
        <selector>pre, .form-control, .form-control:focus, .input-group-text, .custom-select, .custom-file-label, .custom-file-label:after, body, .btn-teriary, .btn.btn-teriary, .ui-autocomplete.ui-menu .ui-menu-item a, .dropdown select, .dropdown-item, .anav-top, .aone-popupnewsletter</selector>
        <property>color</property>
      </style>
      <style>
        <selector>select.form-control:focus::-ms-value, .custom-select:focus::-ms-value</selector>
        <property>color</property>
      </style>
    </variable>
    <variable
      name="color_text_bold"
      default="#3d3d3d"
      label="Bold Text"
      desc=""
    >
      <style>
        <selector>h1, h2, h3, h4, h5, h6, .h1, .h2, .h3, .h4, .h5, .h6, .title-block, .column-title, .typo .column-title, .column-title a, .typo .column-title a, .page-heading, .page-subheading, .nav-tabs .nav-item .nav-link.active:focus, .nav-tabs .nav-item .nav-link.active:hover, .aone-tabs .dot-line-tabs .dot-line, label, .label, .nav-item .nav-link, .nav-item .nav-link.active, .product-name, .product-accordions .panel .panel-heading .panel-title a, .anav-top .amenu-link, #footer .footer-main .h4, .banner1 span:not(.btn)</selector>
        <property>color</property>
      </style>
    </variable>
    <variable
      name="color_green"
      default="#5a9e74"
      label="Green"
      desc=""
    >
      <style>
        <selector>a, .btn-outline-primary, .btn-outline-primary.disabled, .btn-outline-primary:disabled, .btn-link, .page-link, .text-primary, .products-selection .total-products p, .products-selection .products-sort-order .product-display .display-select .selected, #header .left-nav-trigger .left-nav-icon, #footer .footer-about-us .fa, #footer .footer-about-us .material-icons, .feature .material-icons, .feature .fa, .feature2 a:hover</selector>
        <property>color</property>
      </style>
      <style>
        <selector>.btn-primary, .btn-primary.disabled, .btn-primary:disabled, .btn-outline-primary:hover, .btn-outline-primary:not(:disabled):not(.disabled):active, .btn-outline-primary:not(:disabled):not(.disabled).active, .show > .btn-outline-primary.dropdown-toggle, .nav-pills .nav-link.active, .nav-pills .show > .nav-link, .page-item.active .page-link, .badge-primary, .progress-bar, .list-group-item.active, .bg-primary, .btn.btn-primary, .btn.btn-primary.disabled, .btn.btn-primary:disabled, .group-span-filestyle .btn-default, .group-span-filestyle .bootstrap-touchspin .btn-touchspin, .bootstrap-touchspin .group-span-filestyle .btn-touchspin, .pagination .page-list .current a, .add-to-cart, .add-to-cart.disabled, .add-to-cart:disabled, .sidebar-currency .currency-list .current .dropdown-item, .sidebar-language .language-list .current .dropdown-item, .pace .pace-progress, .pace-bounce .pace-activity, #header .mobile-header-version .mobile-menu-icon, .banner3:hover, #product-comments-list-pagination ul li.active span</selector>
        <property>background-color</property>
      </style>
      <style>
        <selector>.btn-primary, .btn-primary.disabled, .btn-primary:disabled, .btn-outline-primary, .btn-outline-primary:hover, .btn-outline-primary:not(:disabled):not(.disabled):active, .btn-outline-primary:not(:disabled):not(.disabled).active, .show > .btn-outline-primary.dropdown-toggle, .page-item.active .page-link, .list-group-item.active, .border-primary, .product-combinations .combination-item.active .switch-cbnt, .product-swatches .swatches-list > li.selected > span, .pace .pace-activity</selector>
        <property>border-color</property>
      </style>

      <style darken="10">
        <selector>.btn-primary:hover, .btn-primary:focus, .btn.btn-primary:hover, .btn-primary:not(:disabled):not(.disabled):active, .btn-primary:not(:disabled):not(.disabled).active, .btn.btn-primary:not(:disabled):not(.disabled):active, .btn.btn-primary:not(:disabled):not(.disabled).active, .add-to-cart:hover, .add-to-cart:not(:disabled):not(.disabled):active, .add-to-cart:not(:disabled):not(.disabled).active</selector>
        <property>background-color</property>
      </style>
    </variable>
    <variable
      name="color_pink"
      default="#fd6282"
      label="Pink"
      desc=""
    >
      <style>
        <selector>a:hover, .btn-link:hover, .page-link:hover, .btn-teriary:hover, .btn.btn-teriary:hover, .ui-autocomplete.ui-menu .ui-menu-item .ui-state-focus, .ui-autocomplete.ui-menu .ui-menu-item .ui-state-hover, .dropdown .expand-more:hover, .dropdown a.expand-more:hover, .dropdown-item:hover, .dropdown-item:focus, .checkout-step-order .step-part .edit, .checkout-step-order .step-part.current .part-icon, .checkout-step-order .step-part.current.reachable.complete .part-icon, .page-my-account #content .links a:hover, .active-filters .filter-block .material-icons, .product-price, .price-total, .product-name a:hover, a.product-name:hover, .product-list .product-miniature .grid-hover-btn a, .product-list .product-miniature .grid-hover-btn button, .wishlist-button-add.wishlist-button-product, .main-product-details .product-cover .layer .zoom-in, #product-modal .arrows, .cart-items-review .product-line-grid .product-prices .qty, .st-menu-close:hover, .aone-slideshow .nivoSlider .nivo-directionNav .nivo-prevNav, .aone-slideshow .nivoSlider .nivo-directionNav .nivo-nextNav, #header .left-nav-trigger .left-nav-icon:hover, .feature a:hover, .feature2 .material-icons, .feature2 .fa, .icon-link:hover</selector>
        <property>color</property>
      </style>
      <style>
        <selector>.custom-checkbox input[type="checkbox"]:hover + .check-shape, .custom-radio input[type="radio"]:hover + .check-shape, .custom-checkbox input[type="checkbox"]:checked + .check-shape, .custom-radio input[type="radio"]:checked + .check-shape, .custom-checkbox .check-shape.color .check-circle, .custom-radio .check-shape.color .check-circle, .category-tree > ul > li > a:hover:before, .main-product-details .product-images li.thumb-container .thumb.selected, .product-swatches .swatches-list > li.selected > span.color .check-circle, #product-modal .product-images img.selected, .anav-top .acategory-content .category-subs li a:hover:before, .aone-slideshow .nivoSlider .nivo-controlNav a.active, .banner2 a:before</selector>
        <property>border-color</property>
      </style>
      <style>
        <selector>.custom-checkbox input[type="checkbox"]:checked + .check-shape, .custom-radio input[type="radio"]:checked + .check-shape, .category-tree > ul > li > a:hover:before, .discount-percentage, .discount-amount, .product-flags .product-flag.discount span, .product-flags .product-flag.on-sale span, .add-to-cart.added:after, .main-product-details .scroll-box-arrows .left, .main-product-details .scroll-box-arrows .right, .cart-preview .cart-header .cart-products-count, .slick-prev, .slick-next, .slick-dots li button, .anav-top .acategory-content .category-subs li a:hover:before, .aone-slideshow .nivoSlider .nivo-controlNav a, .aone-popupnewsletter button.close, #header .sticky-icon-cart .cart-products-count, #scrollTopButton .scroll-button, .typoImageSlider .scrollArrows .left, .typoImageSlider .scrollArrows .right</selector>
        <property>background-color</property>
      </style>
    </variable>
    <variable
      name="color_gray"
      default="#f7f7f7"
      label="Gray"
      desc=""
    >
      <style>
        <selector>.ui-autocomplete.ui-widget-content, .dropdown-item:hover, .dropdown-item:focus, .pagination .page-list a:hover, .manufacturer-list .brand .brand-name, .product-list .grid .product-miniature .product-name, .main-product-details .product-pack .pack-product-items, .product-combinations .combination-item .switch-cbnt, .product-swatches .swatches-list > li > span, .product-quantity-touchspin .input-group .input-group-btn > .btn, .cart-summary .cart-detailed-actions, .quickview .modal-footer, .footer-right .block-newsletter .form-control, #blockcart-modal .cart-content .cart-prices, .cart-preview .cart-title, .cart-preview .cart-bottom, .currency-selector .dropdown-current, .language-selector .dropdown-current, .sidebar-account, .sidebar-header-phone, .st-menu-title, #mobile-amegamenu, .aone-featuredcategories .category-block .category-name, #header .header-bottom</selector>
        <property>background-color</property>
      </style>
    </variable>
    <variable
      name="color_border"
      default="#c7c7c7"
      label="Border"
      desc=""
    >
      <style>
        <selector>.img-thumbnail, .table-bordered, .table-bordered th, .table-bordered td, .table .thead-light th, .form-control, .form-control:focus, .input-group-text, .custom-select, .custom-select:focus, .custom-file-label, .border, .table-dark th, .table-dark td, .table-dark thead th, .table-dark tbody + tbody, .table .thead-dark th, hr, .column-block, .light-box-bg, .card, .bootstrap-touchspin input.form-control, .bootstrap-touchspin .btn-touchspin, .custom-checkbox .check-shape, .custom-radio .check-shape, .ui-autocomplete.ui-widget-content, .dropdown-menu, .products-selection .products-sort-order .product-display .display-select, .category-tree > ul > li > a:before, .category-tree .category-sub-menu > ul > li:before, .category-tree .category-sub-menu > ul > li:after, #search_filters .facet .facet-dropdown .select-title, .main-product-details .product-customization .product-customization-wrapper, .main-product-details .product-pack .pack-product-quantity, .product-combinations .combination-item, .product-swatches .swatches-list > li:hover > span, .product-quantity-touchspin .input-group, .product-accordions, .product-tabs .nav-tabs .nav-item .nav-link.active, .anav-top .acategory-content .category-subs li a:before, .feature, .feature2, .search-widget form input[type="text"], .footer-right .block-newsletter .form-control</selector>
        <property>border-color</property>
      </style>
      <style>
        <selector>.table th, .table td, .table tbody + tbody, .modal-footer, .border-top, .modal-footer, #search_filters .facet + .facet, .product-list .thumbnail-top .product-miniature + .product-miniature, .product-list .thumbnail-left .product-miniature + .product-miniature, .product-accordions .panel, .sidebar-search, .cart-preview .cart-product-line + .cart-product-line, .cart-preview .cart-bottom, .sidebar-currency, .sidebar-language, .user-info .dropdown-customer-account-links .logout, .sidebar-account, .sidebar-header-phone, .sidebar-menu, #mobile-amegamenu</selector>
        <property>border-top-color</property>
      </style>
      <style>
        <selector>.table thead th, .modal-header, .border-bottom, .column-title, .typo .column-title, .modal-header, .table thead th, .cart-preview .cart-title</selector>
        <property>border-bottom-color</property>
      </style>
      <style>
        <selector>.border-right</selector>
        <property>border-right-color</property>
      </style>
      <style>
        <selector>.border-left, .typo blockquote, .typo .blockquote</selector>
        <property>border-left-color</property>
      </style>
      <style>
        <selector>.input-group .input-group-btn > .btn, .main-product-details .product-customization .custom-file button, .product-quantity-touchspin .input-group .input-group-btn > .btn:hover</selector>
        <property>background-color</property>
      </style>

      <style lighten="15">
        <selector>.img-thumbnail, .zoomContainer .zoomWindow, .sitemap .category-sitemap .tree > li > ul.nested > li > ul.nested, .ui-autocomplete.ui-menu .search-menu-item .search-item .cover img</selector>
        <property>border-color</property>
      </style>
      <style lighten="15">
        <selector>.checkout-step-display .delivery-option:before, #checkout-addresses-step .address-item .address-footer, #checkout-delivery-step .order-options, .page-addresses .address .address-footer, .page-order-detail #order-history .history-lines .history-line + .history-line, .page-order-detail .order-items .order-item + .order-item, .page-order-detail .shipping-lines .shipping-line + .shipping-line, .credit-slips .credit-slip + .credit-slip, .order-returns .order-return + .order-return, .main-product-details .product-pack .pack-product-item + .pack-product-item, .cart-items .cart-item + .cart-item, .cart-summary .cart-item + .cart-item, .customization-modal .product-customization-line + .product-customization-line, .sitemap .category-sitemap .tree > li > ul.nested > li > ul.nested > li > a:before, .my-mail-alerts .mail-alert-line + .mail-alert-line, .product-comment-list-item + .product-comment-list-item</selector>
        <property>border-top-color</property>
      </style>
      <style lighten="15">
        <selector>.page-order-detail .messages .message, #checkout-payment-step .payment-option, #checkout-payment-step .additional-information</selector>
        <property>border-bottom-color</property>
      </style>
    </variable>
    <variable
      name="color_box_bg"
      default="#ffffff"
      label="Box"
      desc=""
    >
      <style>
        <selector>.column-block, .box-bg, .light-box-bg, .shadow-box, .card, .table, .page-my-account #content .links a span.link-item, .product-accordions, .product-tabs .nav-tabs .nav-item .nav-link.active, .aone-featuredcategories .category-block .category-container, .feature, .feature2, .product-style, #mainProduct, .aone-slideshow .slide-products-related .slide-products-related-list, .st-menu, .st-menu-right, .products-selection .products-sort-order .product-display .display-select, .dropdown-menu</selector>
        <property>background-color</property>
      </style>

      <style darken="8">
        <selector>.box-bg</selector>
        <property>border-color</property>
      </style>
      <style darken="8">
        <selector>.thead-default th, .active-filters .filter-block, #product-modal .modal-content .modal-footer</selector>
        <property>background-color</property>
      </style>
    </variable>
  </general>
  
  <header>
    <variable
      name="header_bg"
      default="#ffffff"
      label="Header Background"
      desc=""
    >
      <style>
        <selector>#header</selector>
        <property>background-color</property>
      </style>
    </variable>
    <variable
      name="header_text"
      default="#5d5d5d"
      overwrite="general" overwrite_variable="color_text"
      label="Header Text"
      desc=""
      not_change_group_class="1"
    >
      <style>
        <selector>.header-banner, .header-nav, .main-header, .checkout-header-right</selector>
        <property>color</property>
      </style>
    </variable>
    <variable
      name="header_text_hover"
      default="#fd6282"
      overwrite="general" overwrite_variable="color_pink"
      label="Header Text on Hover"
      desc=""
      not_change_group_class="1"
    >
      <style>
        <selector>.header-banner a:hover, .header-nav a:not(.dropdown-item):hover, .main-header a:not(.dropdown-item):hover, .header-nav .dropdown .expand-more:hover, .checkout-header-right a:not(.dropdown-item):hover</selector>
        <property>color</property>
      </style>
    </variable>
    <variable
      name="menu_bg"
      default="#f7f7f7"
      label="Menu Background"
      desc=""
    >
      <style>
        <selector>#header .header-bottom, #mobile-amegamenu</selector>
        <property>background-color</property>
      </style>
    </variable>
    <variable
      name="menu_title"
      default="#3d3d3d"
      label="Menu Title"
      desc=""
      not_change_group_class="1"
    >
      <style>
        <selector>.anav-top .amenu-link</selector>
        <property>color</property>
      </style>
      <style>
        <selector>.anav-mobile .amenu-link .mobile-toggle-plus .caret-down-icon</selector>
        <property>border-top-color</property>
      </style>
      <style>
        <selector>.anav-mobile .amenu-link .mobile-toggle-plus .caret-down-icon</selector>
        <property>border-bottom-color</property>
      </style>
    </variable>
    <variable
      name="menu_title_hover"
      default="#3d3d3d"
      label="Menu Title on Hover"
      desc=""
      not_change_group_class="1"
    >
      <style>
        <selector>.anav-top .amenu-item:hover .amenu-link, .anav-top .amenu-link:hover</selector>
        <property>color</property>
      </style>
    </variable>
    <variable
      name="menu_dropdown_text"
      default="#5d5d5d"
      overwrite="general" overwrite_variable="color_text"
      label="Menu Dropdown Text"
      desc=""
      not_change_group_class="1"
    >
      <style>
        <selector>.anav-top .adropdown</selector>
        <property>color</property>
      </style>
      <style>
        <selector>.anav-top .acategory-content .category-subs li a:before</selector>
        <property>border-color</property>
      </style>
    </variable>
    <variable
      name="menu_dropdown_title"
      default="#3d3d3d"
      overwrite="general" overwrite_variable="color_text_bold"
      label="Menu Dropdown Title"
      desc=""
      not_change_group_class="1"
    >
      <style>
        <selector>.anav-top .acategory-content .category-title, .anav-top .aproduct-content .product-name, .anav-top .amanufacturer-content .brand-name</selector>
        <property>color</property>
      </style>
    </variable>
    <variable
      name="menu_dropdown_color_hover"
      default="#fd6282"
      overwrite="general" overwrite_variable="color_pink"
      label="Menu Dropdown on Hover"
      desc=""
      not_change_group_class="1"
    >
      <style>
        <selector>.anav-top .adropdown a:hover, .anav-top .acategory-content .category-title a:hover, .anav-top .aproduct-content .product-name a:hover, .anav-top .amanufacturer-content .brand-name a:hover</selector>
        <property>color</property>
      </style>
      <style>
        <selector>.anav-top .acategory-content .category-subs li a:hover:before</selector>
        <property>border-color</property>
      </style>
      <style>
        <selector>.anav-top .acategory-content .category-subs li a:hover:before</selector>
        <property>background-color</property>
      </style>
    </variable>
    <variable
      name="breadcrumb_bg"
      default="#ffffff"
      label="Breadcrumb Background"
      desc=""
    >
      <style>
        <selector>.breadcrumb-wrapper</selector>
        <property>background-color</property>
      </style>
    </variable>
    <variable
      name="breadcrumb_text"
      default="#5d5d5d"
      overwrite="general" overwrite_variable="color_text"
      label="Breadcrumb Text"
      desc=""
      not_change_group_class="1"
    >
      <style>
        <selector>.breadcrumb-wrapper .breadcrumb, .breadcrumb-wrapper .breadcrumb a</selector>
        <property>color</property>
      </style>
    </variable>
  </header>
  
  <footer>
    <variable
      name="footer_bg"
      default="#ffffff"
      label="Footer Background"
      desc=""
    >
      <style>
        <selector>#footer</selector>
        <property>background-color</property>
      </style>
    </variable>
    <variable
      name="footer_text"
      default="#5d5d5d"
      label="Footer Text"
      desc=""
    >
      <style>
        <selector>#footer, #footer .label, #footer label</selector>
        <property>color</property>
      </style>
    </variable>
    <variable
      name="footer_title"
      default="#3d3d3d"
      label="Footer Title"
      desc=""
    >
      <style>
        <selector>#footer .footer-main .h4, #footer .footer-about-us .fa, #footer .footer-about-us .material-icons</selector>
        <property>color</property>
      </style>
    </variable>
    <variable
      name="footer_hover"
      default="#fd6282"
      label="Footer on Hover"
      desc=""
    >
      <style>
        <selector>#footer a:hover</selector>
        <property>color</property>
      </style>
    </variable>
    <variable
      name="footer_bottom_bg"
      default="#f7f7f7"
      label="Footer Bottom Background"
      desc=""
    >
      <style>
        <selector>#footer .footer-bottom</selector>
        <property>background-color</property>
      </style>
    </variable>
  </footer>
  
  <content>
    <variable
      name="content_bg"
      default="#f7f7f7"
      label="Content Background"
      desc=""
    >
      <style>
        <selector>#wrapper</selector>
        <property>background-color</property>
      </style>
    </variable>
    <variable
      name="icon_color"
      default="#fd6282"
      overwrite="general" overwrite_variable="color_pink"
      label="Icon"
      desc=""
    >
      <style>
        <selector>.icon-link:hover, .checkout-step-order .step-part .edit, .active-filters .filter-block .material-icons, .product-list .product-miniature .grid-hover-btn a, .product-list .product-miniature .grid-hover-btn button, .wishlist-button-add.wishlist-button-product, .main-product-details .product-cover .layer .zoom-in, #product-modal .arrows, .st-menu-close:hover, .aone-slideshow .nivoSlider .nivo-directionNav .nivo-prevNav, .aone-slideshow .nivoSlider .nivo-directionNav .nivo-nextNav</selector>
        <property>color</property>
      </style>
      <style>
        <selector>.add-to-cart.added:after, .main-product-details .scroll-box-arrows .left, .main-product-details .scroll-box-arrows .right, .slick-prev, .slick-next, .slick-dots li button, .aone-slideshow .nivoSlider .nivo-controlNav a, .aone-popupnewsletter button.close, #scrollTopButton .scroll-button, .typoImageSlider .scrollArrows .left, .typoImageSlider .scrollArrows .right</selector>
        <property>background-color</property>
      </style>
      <style>
        <selector>.aone-slideshow .nivoSlider .nivo-controlNav a.active</selector>
        <property>border-color</property>
      </style>
    </variable>
    <variable
      name="button_bg_color"
      default="#5a9e74"
      overwrite="general" overwrite_variable="color_text_bold"
      label="Button Background"
      desc=""
    >
      <style>
        <selector>.btn-primary, .btn-primary.disabled, .btn-primary:disabled, .btn.btn-primary, .btn.btn-primary.disabled, .btn.btn-primary:disabled, .add-to-cart, .add-to-cart.disabled, .add-to-cart:disabled, #header .mobile-header-version .mobile-menu-icon</selector>
        <property>background-color</property>
      </style>
      <style>
        <selector>.btn-primary, .btn-primary.disabled, .btn-primary:disabled</selector>
        <property>border-color</property>
      </style>

      <style darken="10">
        <selector>.btn-primary:hover, .btn-primary:focus, .btn.btn-primary:hover, .btn-primary:not(:disabled):not(.disabled):active, .btn-primary:not(:disabled):not(.disabled).active, .btn.btn-primary:not(:disabled):not(.disabled):active, .btn.btn-primary:not(:disabled):not(.disabled).active, .add-to-cart:hover, .add-to-cart:not(:disabled):not(.disabled):active, .add-to-cart:not(:disabled):not(.disabled).active</selector>
        <property>background-color</property>
      </style>
    </variable>
    <variable
      name="button_text_color"
      default="#ffffff"
      label="Button Text"
      desc=""
      not_change_group_class="1"
    >
      <style>
        <selector>.btn-primary, .btn-primary.disabled, .btn-primary:disabled, .btn-primary:hover, .btn-primary:focus, .btn-primary:not(:disabled):not(.disabled):active, .btn-primary:not(:disabled):not(.disabled).active, .btn.btn-primary, .btn.btn-primary.disabled, .btn.btn-primary:disabled, .btn.btn-primary:hover, .btn.btn-primary:not(:disabled):not(.disabled):active, .btn.btn-primary:not(:disabled):not(.disabled).active, .add-to-cart, .add-to-cart.disabled, .add-to-cart:disabled, .add-to-cart:hover, .add-to-cart:not(:disabled):not(.disabled):active, .add-to-cart:not(:disabled):not(.disabled).active, #header .mobile-header-version .mobile-menu-icon</selector>
        <property>color</property>
      </style>
    </variable>
    <variable
      name="input_bg_color"
      default="#ffffff"
      label="Input Background"
      desc=""
    >
      <style>
        <selector>.form-control, .form-control:focus, .custom-checkbox .check-shape, .custom-radio .check-shape, #search_filters .facet .facet-dropdown .select-title, .custom-select</selector>
        <property>background-color</property>
      </style>
    </variable>
    <variable
      name="input_border_color"
      default="#c7c7c7"
      label="Input Border"
      desc=""
      not_change_group_class="1"
    >
      <style>
        <selector>.form-control, .form-control:focus, .custom-checkbox .check-shape, .custom-radio .check-shape, #search_filters .facet .facet-dropdown .select-title, .custom-select, .product-quantity-touchspin .input-group, .bootstrap-touchspin input.form-control</selector>
        <property>border-color</property>
      </style>
      <style>
        <selector>.input-group .input-group-btn > .btn</selector>
        <property>background-color</property>
      </style>
    </variable>
    <variable
      name="input_text_color"
      default="#5d5d5d"
      label="Input Text"
      desc=""
      not_change_group_class="1"
    >
      <style>
        <selector>.form-control, .form-control:focus, #search_filters .facet .facet-dropdown .select-title, .custom-select</selector>
        <property>color</property>
      </style>
    </variable>
    <variable
      name="title_color"
      default="#3d3d3d"
      overwrite="general" overwrite_variable="color_text_bold"
      label="Block Title"
      desc=""
    >
      <style>
        <selector>h1, h2, h3, h4, h5, h6, .h1, .h2, .h3, .h4, .h5, .h6, .title-block, .column-title, .typo .column-title, .column-title a, .typo .column-title a, .page-heading, .page-subheading, .nav-tabs .nav-item .nav-link.active:focus, .nav-tabs .nav-item .nav-link.active:hover, .nav-item .nav-link, .nav-item .nav-link.active, .product-accordions .panel .panel-heading .panel-title a, .banner1 span:not(.btn)</selector>
        <property>color</property>
      </style>
    </variable>
    <variable
      name="background_block_title"
      type="switch"
      default="0"
      label="Block Title Background"
      desc="Enable a background for block title."
    >
    </variable>
    <variable
      name="background_color_block_title"
      default="#ffffff"
      label="Block Title Background Color"
      desc="Background color of block title (when Block Title Background is enabled)"
      not_change_group_class="1"
    >
      <style>
        <selector>.background-for-title .title-block, .background-for-title .column-title, .background-for-title .typo .column-title, .background-for-title .aone-tabs .nav-tabs, .background-for-title .product-accordions .panel .panel-heading, .background-for-title .product-tabs .nav-tabs .nav-item .nav-link, .background-for-title .st-menu-title, .background-for-title .cart-preview .cart-title</selector>
        <property>background-color</property>
      </style>
    </variable>
    <variable
      name="text_color_block_title"
      default="#3d3d3d"
      label="Block Title Text Color"
      desc="Text color of block title (when Block Title Background is enabled)"
      not_change_group_class="1"
    >
      <style>
        <selector>.background-for-title .title-block, .background-for-title .column-title, .background-for-title .column-title a, .background-for-title .typo .column-title, .background-for-title .aone-tabs .nav-tabs .nav-item .nav-link, .background-for-title .product-tabs .nav-tabs .nav-item .nav-link, .background-for-title .product-accordions .panel .panel-heading a, .background-for-title .st-menu-title, .background-for-title .cart-preview .cart-title</selector>
        <property>color</property>
      </style>
    </variable>
    <variable
      name="disable_border_radius"
      type="switch"
      default="0"
      label="Disable Border Radius"
      desc="Remove all the rounded corners in the front-end."
    >
    </variable>
    <variable
      name="disable_box_shadow"
      type="switch"
      default="0"
      label="Disable Box Shadow"
      desc="Remove all the shadows effect in the front-end."
      not_change_group_class="1"
    >
    </variable>
  </content>
  
  <product>
    <variable
      name="background"
      default="#ffffff"
      label="Product Background"
      desc=""
      overwrite="general" overwrite_variable="color_box_bg"
    >
      <style>
        <selector>.product-style, .cart-preview .cart-items, .column-block .product-list-margin, .anav-top .aproduct-content .product-container, .aone-slideshow .slide-products-related .slide-products-related-list</selector>
        <property>background-color</property>
      </style>
    </variable>
    <variable
      name="name"
      default="#3d3d3d"
      overwrite="general" overwrite_variable="color_text_bold"
      label="Product Name"
      desc=""
    >
      <style>
        <selector>.product-name</selector>
        <property>color</property>
      </style>
    </variable>
    <variable
      name="name_hover"
      default="#fd6282"
      overwrite="general" overwrite_variable="color_pink"
      label="Product Name on Hover"
      desc=""
      not_change_group_class="1"
    >
      <style>
        <selector>.product-name a:hover, a.product-name:hover</selector>
        <property>color</property>
      </style>
    </variable>
    <variable
      name="name_background"
      default="#f7f7f7"
      overwrite="general" overwrite_variable="color_gray"
      label="Product Name Background"
      desc=""
      not_change_group_class="1"
    >
      <style>
        <selector>.product-list .grid .product-miniature .product-name</selector>
        <property>background-color</property>
      </style>
    </variable>
    <variable
      name="price_color"
      default="#fd6282"
      overwrite="general" overwrite_variable="color_pink"
      label="Product Price"
      desc=""
    >
      <style>
        <selector>.product-price, .price-total</selector>
        <property>color</property>
      </style>
    </variable>
    <variable
      name="old_price_color"
      default="#6f6f6f"
      overwrite="general" overwrite_variable="color_text_light"
      label="Product Old Price"
      desc=""
      not_change_group_class="1"
    >
      <style>
        <selector>.regular-price</selector>
        <property>color</property>
      </style>
    </variable>
  </product>
  
  <fonts>
    <variable
      name="main_font"
      default="Roboto"
      label="Main Font Name"
      desc=""
    >
      <style>
        <selector>body, .view-all-link, .manufacturer-list .brand .brand-name, .product-name</selector>
        <property>font-family</property>
      </style>
    </variable>
    <variable
      name="title_font"
      default="Roboto Condensed"
      overwrite="fonts" overwrite_variable="main_font"
      label="Title Font Name"
      desc=""
    >
      <style>
        <selector>h1, h2, h3, h4, h5, h6, .h1, .h2, .h3, .h4, .h5, .h6, .title-block, .column-title, .typo .column-title, .page-heading, .page-subheading, .nav-item .nav-link, .anav-top .amenu-link</selector>
        <property>font-family</property>
      </style>
    </variable>
    <variable
      name="font_size"
      default="13px"
      label="Body Font Size"
      desc="Font size of the body text. Ex: 13px"
    >
      <style>
        <selector>body</selector>
        <property>font-size</property>
      </style>
    </variable>
    <variable
      name="input_height"
      default="34px"
      label="Input Height"
      desc="The height of text field"
    >
      <style>
        <selector>.form-control</selector>
        <property>height</property>
      </style>
    </variable>
  </fonts>
</colors>